model,rmse,mae,r2,ic_pooled,ic_cross_sectional,ic_t_stat,hit,validation_ic,selected
zero,0.0035713661834167578,0.001963044212775729,-6.054438636748927e-05,,,,0.0,,False
lag1_return,0.005218585788018557,0.0029764401493851235,-1.1353210609820983,-0.05143767134163921,-0.0335624635931339,-3.955047457154768,0.4375582389686286,,False
linear_regression,0.0035696688342059563,0.001984926339069679,0.0008898194340515309,0.05071397384722759,0.054812823858195886,7.058847241197961,0.5202527810905019,0.06388142171848882,True
ridge,0.003568127560442543,0.001984406333555362,0.0017524035774131308,0.05678335428062001,0.054497298463097366,7.400167103480955,0.5194743441764866,0.062279829639150804,False
lasso,0.003566468114222649,0.001981614049174858,0.002680707269060334,0.057863703265749585,0.05466863723417021,7.263462920003686,0.5202125171121907,0.06224913600728341,False
elastic_net,0.0035675390830709184,0.00198350179540517,0.0020816505951966047,0.05712134224310773,0.05455768940393404,7.354737154854197,0.5199460079224171,0.06241547944464209,False
huber,0.003564247650654073,0.001976977209619148,0.003922171773197203,0.0635656329745754,0.053975992561227516,6.919859761481163,0.5200092798883346,0.061530459449596175,False
random_forest,0.0035615211254266333,0.0019761311864491503,0.005445518540923011,0.0744164441979966,0.05420578390328119,10.47937272438383,0.5163184152098137,0.05750936739015671,False
hist_gradient_boosting,0.0035668162199882334,0.0019726815560872205,0.0024860107077954163,0.054428348279079296,0.0510318166229292,10.57498697831494,0.511691892368634,0.058740599703944935,False
